{"trial_id": "04", "hyperparameters": {"space": [{"class_name": "Choice", "config": {"name": "activation_type", "default": "relu", "conditions": [], "values": ["relu", "leaky_relu"], "ordered": false}}, {"class_name": "Int", "config": {"name": "num_layers", "default": null, "conditions": [], "min_value": 2, "max_value": 5, "step": 1, "sampling": "linear"}}, {"class_name": "Int", "config": {"name": "units_layer_0", "default": null, "conditions": [], "min_value": 18, "max_value": 50, "step": 2, "sampling": "linear"}}, {"class_name": "Int", "config": {"name": "units_layer_1", "default": null, "conditions": [], "min_value": 18, "max_value": 50, "step": 2, "sampling": "linear"}}, {"class_name": "Choice", "config": {"name": "learning_rate", "default": 0.01, "conditions": [], "values": [0.01, 0.001, 0.0001], "ordered": true}}, {"class_name": "Choice", "config": {"name": "optimizer", "default": "Adam", "conditions": [], "values": ["Adam", "RMSprop"], "ordered": false}}, {"class_name": "Choice", "config": {"name": "batch_size", "default": 32, "conditions": [], "values": [32, 64, 128], "ordered": true}}, {"class_name": "Int", "config": {"name": "units_layer_2", "default": null, "conditions": [], "min_value": 18, "max_value": 50, "step": 2, "sampling": "linear"}}, {"class_name": "Int", "config": {"name": "units_layer_3", "default": null, "conditions": [], "min_value": 18, "max_value": 50, "step": 2, "sampling": "linear"}}], "values": {"activation_type": "relu", "num_layers": 2, "units_layer_0": 46, "units_layer_1": 28, "learning_rate": 0.01, "optimizer": "Adam", "batch_size": 64, "units_layer_2": 20, "units_layer_3": 24}}, "metrics": {"metrics": {"loss": {"direction": "min", "observations": [{"value": [0.0721379965543747], "step": 8}]}, "recall": {"direction": "max", "observations": [{"value": [0.5987577438354492], "step": 8}]}, "val_loss": {"direction": "min", "observations": [{"value": [0.05567069351673126], "step": 8}]}, "val_recall": {"direction": "max", "observations": [{"value": [0.6938775777816772], "step": 8}]}}}, "score": 0.05567069351673126, "best_step": 8, "status": "COMPLETED", "message": null}