{"ongoing_trials": {}, "hyperparameters": {"space": [{"class_name": "Choice", "config": {"name": "activation_type", "default": "relu", "conditions": [], "values": ["relu", "leaky_relu"], "ordered": false}}, {"class_name": "Int", "config": {"name": "num_layers", "default": null, "conditions": [], "min_value": 2, "max_value": 5, "step": 1, "sampling": "linear"}}, {"class_name": "Int", "config": {"name": "units_layer_0", "default": null, "conditions": [], "min_value": 18, "max_value": 50, "step": 2, "sampling": "linear"}}, {"class_name": "Int", "config": {"name": "units_layer_1", "default": null, "conditions": [], "min_value": 18, "max_value": 50, "step": 2, "sampling": "linear"}}, {"class_name": "Choice", "config": {"name": "learning_rate", "default": 0.01, "conditions": [], "values": [0.01, 0.001, 0.0001], "ordered": true}}, {"class_name": "Choice", "config": {"name": "optimizer", "default": "Adam", "conditions": [], "values": ["Adam", "RMSprop"], "ordered": false}}, {"class_name": "Choice", "config": {"name": "batch_size", "default": 32, "conditions": [], "values": [32, 64, 128], "ordered": true}}, {"class_name": "Int", "config": {"name": "units_layer_2", "default": null, "conditions": [], "min_value": 18, "max_value": 50, "step": 2, "sampling": "linear"}}, {"class_name": "Int", "config": {"name": "units_layer_3", "default": null, "conditions": [], "min_value": 18, "max_value": 50, "step": 2, "sampling": "linear"}}, {"class_name": "Int", "config": {"name": "units_layer_4", "default": null, "conditions": [], "min_value": 18, "max_value": 50, "step": 2, "sampling": "linear"}}], "values": {"activation_type": "relu", "num_layers": 2, "units_layer_0": 18, "units_layer_1": 18, "learning_rate": 0.01, "optimizer": "Adam", "batch_size": 32, "units_layer_2": 18, "units_layer_3": 18, "units_layer_4": 18}}, "start_order": ["00", "01", "02", "03", "04", "05", "06", "07", "08", "09"], "end_order": ["00", "01", "02", "03", "04", "05", "06", "07", "08", "09"], "run_times": {"00": 1, "01": 1, "02": 1, "03": 1, "04": 1, "05": 1, "06": 1, "07": 1, "08": 1, "09": 1}, "retry_queue": [], "seed": 1024, "seed_state": 1113, "tried_so_far": ["8bb160cd9328c787508b9d56799880a1", "7a90f9de5bced883aaf3b1512be08bd1", "c55b8fad419304553a102801ea2592a2", "4d7073e80767e96732e5fffbe42afbb0", "cdd014395acff212991ab04413a453db", "c81b924444b9a11ae1e0fc286058089c", "59b00e0df37afec21fcf7723cd4ca477", "79cf42dc421760d34a1f32ca910098ad", "73a944266b60461385bbb4634b8208b2", "82827fe85c2b9e7cb72befbea5611e0e"], "id_to_hash": {"00": "4d7073e80767e96732e5fffbe42afbb0", "01": "cdd014395acff212991ab04413a453db", "02": "82827fe85c2b9e7cb72befbea5611e0e", "03": "79cf42dc421760d34a1f32ca910098ad", "04": "59b00e0df37afec21fcf7723cd4ca477", "05": "73a944266b60461385bbb4634b8208b2", "06": "7a90f9de5bced883aaf3b1512be08bd1", "07": "8bb160cd9328c787508b9d56799880a1", "08": "c81b924444b9a11ae1e0fc286058089c", "09": "c55b8fad419304553a102801ea2592a2"}, "display": {"search_start": "2025-05-05T06:18:24.710732", "trial_start": {"00": "2025-05-05T06:18:24.710732", "01": "2025-05-05T06:18:53.784625", "02": "2025-05-05T06:19:33.455674", "03": "2025-05-05T06:19:51.413875", "04": "2025-05-05T06:20:02.420415", "05": "2025-05-05T06:20:33.552537", "06": "2025-05-05T06:20:49.854115", "07": "2025-05-05T06:21:53.869433", "08": "2025-05-05T06:22:16.333339", "09": "2025-05-05T06:22:35.476655"}, "trial_number": {"00": 1, "01": 2, "02": 3, "03": 4, "04": 5, "05": 6, "06": 7, "07": 8, "08": 9, "09": 10}}}