{"trial_id": "01", "hyperparameters": {"space": [{"class_name": "Choice", "config": {"name": "activation_type", "default": "relu", "conditions": [], "values": ["relu", "leaky_relu"], "ordered": false}}, {"class_name": "Int", "config": {"name": "num_layers", "default": null, "conditions": [], "min_value": 2, "max_value": 5, "step": 1, "sampling": "linear"}}, {"class_name": "Int", "config": {"name": "units_layer_0", "default": null, "conditions": [], "min_value": 18, "max_value": 50, "step": 2, "sampling": "linear"}}, {"class_name": "Int", "config": {"name": "units_layer_1", "default": null, "conditions": [], "min_value": 18, "max_value": 50, "step": 2, "sampling": "linear"}}, {"class_name": "Choice", "config": {"name": "learning_rate", "default": 0.01, "conditions": [], "values": [0.01, 0.001, 0.0001], "ordered": true}}, {"class_name": "Choice", "config": {"name": "optimizer", "default": "Adam", "conditions": [], "values": ["Adam", "RMSprop"], "ordered": false}}, {"class_name": "Choice", "config": {"name": "batch_size", "default": 32, "conditions": [], "values": [32, 64, 128], "ordered": true}}, {"class_name": "Int", "config": {"name": "units_layer_2", "default": null, "conditions": [], "min_value": 18, "max_value": 50, "step": 2, "sampling": "linear"}}, {"class_name": "Int", "config": {"name": "units_layer_3", "default": null, "conditions": [], "min_value": 18, "max_value": 50, "step": 2, "sampling": "linear"}}], "values": {"activation_type": "leaky_relu", "num_layers": 4, "units_layer_0": 30, "units_layer_1": 50, "learning_rate": 0.0001, "optimizer": "RMSprop", "batch_size": 64, "units_layer_2": 18, "units_layer_3": 18}}, "metrics": {"metrics": {"loss": {"direction": "min", "observations": [{"value": [0.07262720912694931], "step": 39}]}, "recall": {"direction": "max", "observations": [{"value": [0.6390605568885803], "step": 39}]}, "val_loss": {"direction": "min", "observations": [{"value": [0.05309857800602913], "step": 39}]}, "val_recall": {"direction": "max", "observations": [{"value": [0.765625], "step": 39}]}}}, "score": 0.05309857800602913, "best_step": 39, "status": "COMPLETED", "message": null}