{"trial_id": "00", "hyperparameters": {"space": [{"class_name": "Choice", "config": {"name": "activation_type", "default": "relu", "conditions": [], "values": ["relu", "leaky_relu"], "ordered": false}}, {"class_name": "Int", "config": {"name": "num_layers", "default": null, "conditions": [], "min_value": 2, "max_value": 5, "step": 1, "sampling": "linear"}}, {"class_name": "Int", "config": {"name": "units_layer_0", "default": null, "conditions": [], "min_value": 18, "max_value": 50, "step": 2, "sampling": "linear"}}, {"class_name": "Int", "config": {"name": "units_layer_1", "default": null, "conditions": [], "min_value": 18, "max_value": 50, "step": 2, "sampling": "linear"}}, {"class_name": "Choice", "config": {"name": "learning_rate", "default": 0.01, "conditions": [], "values": [0.01, 0.001, 0.0001], "ordered": true}}, {"class_name": "Choice", "config": {"name": "optimizer", "default": "Adam", "conditions": [], "values": ["Adam", "RMSprop"], "ordered": false}}, {"class_name": "Choice", "config": {"name": "batch_size", "default": 32, "conditions": [], "values": [32, 64, 128], "ordered": true}}], "values": {"activation_type": "leaky_relu", "num_layers": 2, "units_layer_0": 18, "units_layer_1": 18, "learning_rate": 0.001, "optimizer": "RMSprop", "batch_size": 32}}, "metrics": {"metrics": {"loss": {"direction": "min", "observations": [{"value": [0.08481917530298233], "step": 8}]}, "recall": {"direction": "max", "observations": [{"value": [0.49618321657180786], "step": 8}]}, "val_loss": {"direction": "min", "observations": [{"value": [0.06563813984394073], "step": 8}]}, "val_recall": {"direction": "max", "observations": [{"value": [0.739534854888916], "step": 8}]}}}, "score": 0.06563813984394073, "best_step": 8, "status": "COMPLETED", "message": null}