{"trial_id": "03", "hyperparameters": {"space": [{"class_name": "Choice", "config": {"name": "activation_type", "default": "relu", "conditions": [], "values": ["relu", "leaky_relu"], "ordered": false}}, {"class_name": "Int", "config": {"name": "num_layers", "default": null, "conditions": [], "min_value": 2, "max_value": 5, "step": 1, "sampling": "linear"}}, {"class_name": "Int", "config": {"name": "units_layer_0", "default": null, "conditions": [], "min_value": 18, "max_value": 50, "step": 2, "sampling": "linear"}}, {"class_name": "Int", "config": {"name": "units_layer_1", "default": null, "conditions": [], "min_value": 18, "max_value": 50, "step": 2, "sampling": "linear"}}, {"class_name": "Choice", "config": {"name": "learning_rate", "default": 0.01, "conditions": [], "values": [0.01, 0.001, 0.0001], "ordered": true}}, {"class_name": "Choice", "config": {"name": "optimizer", "default": "Adam", "conditions": [], "values": ["Adam", "RMSprop"], "ordered": false}}, {"class_name": "Choice", "config": {"name": "batch_size", "default": 32, "conditions": [], "values": [32, 64, 128], "ordered": true}}, {"class_name": "Int", "config": {"name": "units_layer_2", "default": null, "conditions": [], "min_value": 18, "max_value": 50, "step": 2, "sampling": "linear"}}, {"class_name": "Int", "config": {"name": "units_layer_3", "default": null, "conditions": [], "min_value": 18, "max_value": 50, "step": 2, "sampling": "linear"}}], "values": {"activation_type": "relu", "num_layers": 2, "units_layer_0": 26, "units_layer_1": 50, "learning_rate": 0.01, "optimizer": "Adam", "batch_size": 128, "units_layer_2": 42, "units_layer_3": 22}}, "metrics": {"metrics": {"loss": {"direction": "min", "observations": [{"value": [0.06138596311211586], "step": 18}]}, "recall": {"direction": "max", "observations": [{"value": [0.7008761167526245], "step": 18}]}, "val_loss": {"direction": "min", "observations": [{"value": [0.054749444127082825], "step": 18}]}, "val_recall": {"direction": "max", "observations": [{"value": [0.7178217768669128], "step": 18}]}}}, "score": 0.054749444127082825, "best_step": 18, "status": "COMPLETED", "message": null}