{"trial_id": "00", "hyperparameters": {"space": [{"class_name": "Choice", "config": {"name": "activation_type", "default": "relu", "conditions": [], "values": ["relu", "leaky_relu"], "ordered": false}}, {"class_name": "Int", "config": {"name": "num_layers", "default": null, "conditions": [], "min_value": 2, "max_value": 5, "step": 1, "sampling": "linear"}}, {"class_name": "Int", "config": {"name": "units_layer_0", "default": null, "conditions": [], "min_value": 18, "max_value": 50, "step": 2, "sampling": "linear"}}, {"class_name": "Int", "config": {"name": "units_layer_1", "default": null, "conditions": [], "min_value": 18, "max_value": 50, "step": 2, "sampling": "linear"}}, {"class_name": "Choice", "config": {"name": "learning_rate", "default": 0.01, "conditions": [], "values": [0.01, 0.001, 0.0001], "ordered": true}}, {"class_name": "Choice", "config": {"name": "optimizer", "default": "Adam", "conditions": [], "values": ["Adam", "RMSprop"], "ordered": false}}, {"class_name": "Choice", "config": {"name": "batch_size", "default": 32, "conditions": [], "values": [32, 64, 128], "ordered": true}}], "values": {"activation_type": "leaky_relu", "num_layers": 2, "units_layer_0": 18, "units_layer_1": 18, "learning_rate": 0.001, "optimizer": "RMSprop", "batch_size": 32}}, "metrics": {"metrics": {"loss": {"direction": "min", "observations": [{"value": [0.08344841003417969], "step": 21}]}, "recall": {"direction": "max", "observations": [{"value": [0.5291925668716431], "step": 21}]}, "val_loss": {"direction": "min", "observations": [{"value": [0.060367174446582794], "step": 21}]}, "val_recall": {"direction": "max", "observations": [{"value": [0.7397959232330322], "step": 21}]}}}, "score": 0.060367174446582794, "best_step": 21, "status": "COMPLETED", "message": null}