{"trial_id": "01", "hyperparameters": {"space": [{"class_name": "Choice", "config": {"name": "activation_type", "default": "relu", "conditions": [], "values": ["relu", "leaky_relu"], "ordered": false}}, {"class_name": "Int", "config": {"name": "num_layers", "default": null, "conditions": [], "min_value": 2, "max_value": 5, "step": 1, "sampling": "linear"}}, {"class_name": "Int", "config": {"name": "units_layer_0", "default": null, "conditions": [], "min_value": 18, "max_value": 50, "step": 2, "sampling": "linear"}}, {"class_name": "Int", "config": {"name": "units_layer_1", "default": null, "conditions": [], "min_value": 18, "max_value": 50, "step": 2, "sampling": "linear"}}, {"class_name": "Choice", "config": {"name": "learning_rate", "default": 0.01, "conditions": [], "values": [0.01, 0.001, 0.0001], "ordered": true}}, {"class_name": "Choice", "config": {"name": "optimizer", "default": "Adam", "conditions": [], "values": ["Adam", "RMSprop"], "ordered": false}}, {"class_name": "Choice", "config": {"name": "batch_size", "default": 32, "conditions": [], "values": [32, 64, 128], "ordered": true}}, {"class_name": "Int", "config": {"name": "units_layer_2", "default": null, "conditions": [], "min_value": 18, "max_value": 50, "step": 2, "sampling": "linear"}}, {"class_name": "Int", "config": {"name": "units_layer_3", "default": null, "conditions": [], "min_value": 18, "max_value": 50, "step": 2, "sampling": "linear"}}], "values": {"activation_type": "leaky_relu", "num_layers": 4, "units_layer_0": 30, "units_layer_1": 50, "learning_rate": 0.0001, "optimizer": "RMSprop", "batch_size": 64, "units_layer_2": 18, "units_layer_3": 18}}, "metrics": {"metrics": {"loss": {"direction": "min", "observations": [{"value": [0.07403001934289932], "step": 28}]}, "recall": {"direction": "max", "observations": [{"value": [0.5954198241233826], "step": 28}]}, "val_loss": {"direction": "min", "observations": [{"value": [0.062456801533699036], "step": 28}]}, "val_recall": {"direction": "max", "observations": [{"value": [0.7302325367927551], "step": 28}]}}}, "score": 0.062456801533699036, "best_step": 28, "status": "COMPLETED", "message": null}