{"trial_id": "08", "hyperparameters": {"space": [{"class_name": "Choice", "config": {"name": "activation_type", "default": "relu", "conditions": [], "values": ["relu", "leaky_relu"], "ordered": false}}, {"class_name": "Int", "config": {"name": "num_layers", "default": null, "conditions": [], "min_value": 2, "max_value": 5, "step": 1, "sampling": "linear"}}, {"class_name": "Int", "config": {"name": "units_layer_0", "default": null, "conditions": [], "min_value": 18, "max_value": 50, "step": 2, "sampling": "linear"}}, {"class_name": "Int", "config": {"name": "units_layer_1", "default": null, "conditions": [], "min_value": 18, "max_value": 50, "step": 2, "sampling": "linear"}}, {"class_name": "Choice", "config": {"name": "learning_rate", "default": 0.01, "conditions": [], "values": [0.01, 0.001, 0.0001], "ordered": true}}, {"class_name": "Choice", "config": {"name": "optimizer", "default": "Adam", "conditions": [], "values": ["Adam", "RMSprop"], "ordered": false}}, {"class_name": "Choice", "config": {"name": "batch_size", "default": 32, "conditions": [], "values": [32, 64, 128], "ordered": true}}, {"class_name": "Int", "config": {"name": "units_layer_2", "default": null, "conditions": [], "min_value": 18, "max_value": 50, "step": 2, "sampling": "linear"}}, {"class_name": "Int", "config": {"name": "units_layer_3", "default": null, "conditions": [], "min_value": 18, "max_value": 50, "step": 2, "sampling": "linear"}}, {"class_name": "Int", "config": {"name": "units_layer_4", "default": null, "conditions": [], "min_value": 18, "max_value": 50, "step": 2, "sampling": "linear"}}], "values": {"activation_type": "relu", "num_layers": 4, "units_layer_0": 24, "units_layer_1": 38, "learning_rate": 0.001, "optimizer": "Adam", "batch_size": 64, "units_layer_2": 50, "units_layer_3": 30, "units_layer_4": 42}}, "metrics": {"metrics": {"loss": {"direction": "min", "observations": [{"value": [0.06932277977466583], "step": 6}]}, "recall": {"direction": "max", "observations": [{"value": [0.6450381875038147], "step": 6}]}, "val_loss": {"direction": "min", "observations": [{"value": [0.06065443158149719], "step": 6}]}, "val_recall": {"direction": "max", "observations": [{"value": [0.800000011920929], "step": 6}]}}}, "score": 0.06065443158149719, "best_step": 6, "status": "COMPLETED", "message": null}