{"trial_id": "06", "hyperparameters": {"space": [{"class_name": "Choice", "config": {"name": "activation_type", "default": "relu", "conditions": [], "values": ["relu", "leaky_relu"], "ordered": false}}, {"class_name": "Int", "config": {"name": "num_layers", "default": null, "conditions": [], "min_value": 2, "max_value": 5, "step": 1, "sampling": "linear"}}, {"class_name": "Int", "config": {"name": "units_layer_0", "default": null, "conditions": [], "min_value": 18, "max_value": 50, "step": 2, "sampling": "linear"}}, {"class_name": "Int", "config": {"name": "units_layer_1", "default": null, "conditions": [], "min_value": 18, "max_value": 50, "step": 2, "sampling": "linear"}}, {"class_name": "Choice", "config": {"name": "learning_rate", "default": 0.01, "conditions": [], "values": [0.01, 0.001, 0.0001], "ordered": true}}, {"class_name": "Choice", "config": {"name": "optimizer", "default": "Adam", "conditions": [], "values": ["Adam", "RMSprop"], "ordered": false}}, {"class_name": "Choice", "config": {"name": "batch_size", "default": 32, "conditions": [], "values": [32, 64, 128], "ordered": true}}, {"class_name": "Int", "config": {"name": "units_layer_2", "default": null, "conditions": [], "min_value": 18, "max_value": 50, "step": 2, "sampling": "linear"}}, {"class_name": "Int", "config": {"name": "units_layer_3", "default": null, "conditions": [], "min_value": 18, "max_value": 50, "step": 2, "sampling": "linear"}}, {"class_name": "Int", "config": {"name": "units_layer_4", "default": null, "conditions": [], "min_value": 18, "max_value": 50, "step": 2, "sampling": "linear"}}], "values": {"activation_type": "relu", "num_layers": 5, "units_layer_0": 32, "units_layer_1": 30, "learning_rate": 0.0001, "optimizer": "Adam", "batch_size": 64, "units_layer_2": 44, "units_layer_3": 34, "units_layer_4": 24}}, "metrics": {"metrics": {"loss": {"direction": "min", "observations": [{"value": [0.07138383388519287], "step": 29}]}, "recall": {"direction": "max", "observations": [{"value": [0.6483103632926941], "step": 29}]}, "val_loss": {"direction": "min", "observations": [{"value": [0.05827641114592552], "step": 29}]}, "val_recall": {"direction": "max", "observations": [{"value": [0.8168317079544067], "step": 29}]}}}, "score": 0.05827641114592552, "best_step": 29, "status": "COMPLETED", "message": null}